{
  "metadata": {
    "method_name": "Enhanced SRWE: Tikhonov/TSVD/MPM Spectral Recovery + GNN Benchmark",
    "description": "Implements three SRWE spectral recovery methods and benchmarks SRWE as a GNN PE against RWSE and LapPE",
    "hyperparameters": {
      "best_tik_alpha": 1e-06,
      "best_tik_w1": 0.12331364451319746,
      "best_tsvd_thresh": 0.01,
      "best_tsvd_w1": 0.15575631172752322
    },
    "gnn_benchmark": {
      "Peptides-func": {
        "metric": "AP",
        "task_type": "classification",
        "results": {
          "none": {
            "mean": 0.42457619163146215,
            "std": 0.011705752498533624,
            "per_seed": [
              0.4299960259927924,
              0.4354127134277828,
              0.4083198354738114
            ],
            "n_seeds": 3
          },
          "rwse": {
            "mean": 0.4550992067774115,
            "std": 0.00564935355690595,
            "per_seed": [
              0.4476734393038244,
              0.4562593906713814,
              0.46136479035702854
            ],
            "n_seeds": 3
          },
          "lappe": {
            "mean": 0.3699164917030786,
            "std": 0.005636934923039237,
            "per_seed": [
              0.37779633486596575,
              0.36493081356005186,
              0.3670223266832181
            ],
            "n_seeds": 3
          },
          "srwe": {
            "mean": 0.419782178986925,
            "std": 0.008655002758437572,
            "per_seed": [
              0.4217522692185722,
              0.4292590967596907,
              0.40833517098251215
            ],
            "n_seeds": 3
          }
        }
      },
      "Peptides-struct": {
        "metric": "MAE",
        "task_type": "regression",
        "results": {
          "none": {
            "mean": 44.625989278157554,
            "std": 0.2831427101448155,
            "per_seed": [
              44.29023742675781,
              44.98283004760742,
              44.60490036010742
            ],
            "n_seeds": 3
          },
          "rwse": {
            "mean": 35.04758961995443,
            "std": 0.7403399563471709,
            "per_seed": [
              36.08409881591797,
              34.40130615234375,
              34.65736389160156
            ],
            "n_seeds": 3
          },
          "lappe": {
            "mean": 22.82112693786621,
            "std": 1.126479575387091,
            "per_seed": [
              24.413707733154297,
              21.99020767211914,
              22.059465408325195
            ],
            "n_seeds": 3
          },
          "srwe": {
            "mean": 30.383663813273113,
            "std": 0.15040137285523067,
            "per_seed": [
              30.17564582824707,
              30.449237823486328,
              30.526107788085938
            ],
            "n_seeds": 3
          }
        }
      },
      "ZINC-subset": {
        "metric": "MAE",
        "task_type": "regression",
        "results": {
          "none": {
            "mean": 0.48890677094459534,
            "std": 0.003426295873740818,
            "per_seed": [
              0.4874211549758911,
              0.4856553375720978,
              0.4936438202857971
            ],
            "n_seeds": 3
          },
          "rwse": {
            "mean": 0.3798287510871887,
            "std": 0.01437670730001708,
            "per_seed": [
              0.3954535126686096,
              0.36074984073638916,
              0.3832828998565674
            ],
            "n_seeds": 3
          },
          "lappe": {
            "mean": 0.5249936381975809,
            "std": 0.0036419669838876874,
            "per_seed": [
              0.5218294262886047,
              0.5300952196121216,
              0.5230562686920166
            ],
            "n_seeds": 3
          },
          "srwe": {
            "mean": 0.4366539418697357,
            "std": 0.009231383981383089,
            "per_seed": [
              0.431806355714798,
              0.4495755136013031,
              0.4285799562931061
            ],
            "n_seeds": 3
          }
        }
      },
      "analysis": {
        "best_srwe_method": "tikhonov",
        "gap_closed": {
          "Peptides-func": 41.46,
          "Peptides-struct": 38.15,
          "ZINC-subset": 39.15
        }
      }
    },
    "spectral_recovery": {
      "ZINC-subset": {
        "methods": {
          "tikhonov": {
            "mean_w1": 0.09012353703871728,
            "std_w1": 0.03718898628765515,
            "mean_cosine": 0.7412585328880676,
            "std_cosine": 0.058889530362659294,
            "mean_top5_acc": 0.6016971201771086,
            "std_top5_acc": 0.0878298622385472
          },
          "tsvd": {
            "mean_w1": 0.12167707097382677,
            "std_w1": 0.03599638518318104,
            "mean_cosine": 0.6376927659144098,
            "std_cosine": 0.050680073882551496,
            "mean_top5_acc": 0.46800058833691555,
            "std_top5_acc": 0.07485916427440409
          },
          "mpm": {
            "mean_w1": 0.12193906918838551,
            "std_w1": 0.02772693504149629,
            "mean_cosine": 0.4304823500355219,
            "std_cosine": 0.09727169973846866,
            "mean_top5_acc": 0.37266520830283634,
            "std_top5_acc": 0.08539990532417484
          }
        },
        "sri_stratified": {
          "tikhonov": {
            "very_low": {
              "mean_w1": 0.08265713175449461,
              "std_w1": 0.029927588030831797,
              "count": 2133
            },
            "low": {
              "mean_w1": 0.08673963960475524,
              "std_w1": 0.03255822835492498,
              "count": 3745
            },
            "medium": {
              "mean_w1": 0.09078889451567879,
              "std_w1": 0.036302754642560206,
              "count": 4377
            },
            "high": {
              "mean_w1": 0.10484346178643887,
              "std_w1": 0.050247110175340975,
              "count": 1745
            }
          },
          "tsvd": {
            "very_low": {
              "mean_w1": 0.11544403596224292,
              "std_w1": 0.029004631071185963,
              "count": 2133
            },
            "low": {
              "mean_w1": 0.11845956298342782,
              "std_w1": 0.03117347526296055,
              "count": 3745
            },
            "medium": {
              "mean_w1": 0.12182086531605331,
              "std_w1": 0.03516858884318718,
              "count": 4377
            },
            "high": {
              "mean_w1": 0.13584053416455844,
              "std_w1": 0.049233253384365815,
              "count": 1745
            }
          },
          "mpm": {
            "very_low": {
              "mean_w1": 0.1122560714331432,
              "std_w1": 0.0184272801329064,
              "count": 2133
            },
            "low": {
              "mean_w1": 0.11773001958639975,
              "std_w1": 0.02344977838809918,
              "count": 3745
            },
            "medium": {
              "mean_w1": 0.12407102684088987,
              "std_w1": 0.027457477069309087,
              "count": 4377
            },
            "high": {
              "mean_w1": 0.13746064301437813,
              "std_w1": 0.037357131269187244,
              "count": 1745
            }
          }
        }
      },
      "Peptides-func": {
        "methods": {
          "tikhonov": {
            "mean_w1": 0.1211730770620888,
            "std_w1": 0.04934483503488319,
            "mean_cosine": 0.39429731661427003,
            "std_cosine": 0.1722044183398649,
            "mean_top5_acc": 0.2030569630282909,
            "std_top5_acc": 0.1540305534762556
          },
          "tsvd": {
            "mean_w1": 0.1540881089562194,
            "std_w1": 0.04156805731699088,
            "mean_cosine": 0.34982751735974954,
            "std_cosine": 0.13076167175820755,