{
  "metadata": {
    "method_name": "Node-Level SRI vs Graph-Level SRI Analysis",
    "description": "Testing whether node-level SRI improves SRI-performance correlation over graph-level SRI",
    "parameters": {
      "K": 20,
      "threshold_factors": [
        0.5,
        1.0,
        2.0
      ],
      "n_bootstrap": 5000,
      "epsilon": 0.0001,
      "max_sample_per_ds": 500,
      "seed": 42
    },
    "total_runtime_seconds": 64.21262788772583,
    "figure_paths": [
      "/opt/ai-inventor/aii_pipeline/runs/run__20260222_005317/3_invention_loop/iter_6/gen_art/exp_id3_it6__opus/figures/fig1_correlation_comparison.png",
      "/opt/ai-inventor/aii_pipeline/runs/run__20260222_005317/3_invention_loop/iter_6/gen_art/exp_id3_it6__opus/figures/fig2_sri_scatter.png",
      "/opt/ai-inventor/aii_pipeline/runs/run__20260222_005317/3_invention_loop/iter_6/gen_art/exp_id3_it6__opus/figures/fig3_within_graph_rhos.png"
    ]
  },
  "datasets": [
    {
      "dataset": "ZINC-subset",
      "examples": [
        {
          "input": "{\"edge_index\":[[0,1,1,2,2,3,3,4,4,5,5,6,6,6,7,7,8,8,8,9,9,9,10,11,11,11,12,12,13,13,13,14,14,14,15,16,16,16,17,17,17,18,18,19,19,20,20,20,21,22,22,23,23,23,24,25,25,25,26,27,27,28,28,28,29,30,30,31,31...",
          "output": "3.046437978744507",
          "predict_baseline": "{\"graph_sri\": 0.36452, \"delta_min\": 0.018226}",
          "predict_our_method": "{\"mean_node_sri\": 1.625689, \"min_node_sri\": 0.364525, \"median_node_sri\": 1.439139, \"std_node_sri\": 1.491764, \"p10_node_sri\": 0.37587, \"mean_effective_rank\": 9.2121, \"mean_local_sparsity\": 0.279155}"
        },
        {
          "input": "{\"edge_index\":[[0,1,1,2,2,3,3,4,4,4,5,6,6,6,7,8,8,8,9,10,10,11,11,11,12,12,13,13,14,14,14,15,16,16,17,17],[1,0,2,1,3,2,4,3,5,6,4,4,7,8,6,6,9,10,8,8,11,10,12,17,11,13,12,14,13,15,16,14,14,17,11,16]],\"n...",
          "output": "0.49065685272216797",
          "predict_baseline": "{\"graph_sri\": 3.32722, \"delta_min\": 0.166361}",
          "predict_our_method": "{\"mean_node_sri\": 6.450404, \"min_node_sri\": 3.327225, \"median_node_sri\": 5.396011, \"std_node_sri\": 3.34796, \"p10_node_sri\": 3.327225, \"mean_effective_rank\": 6.4444, \"mean_local_sparsity\": 0.358025}"
        },
        {
          "input": "{\"edge_index\":[[0,1,1,2,2,3,3,3,4,4,4,5,5,6,6,6,7,8,8,8,9,9,10,10,10,11,11,11,12,12,12,13,14,14,15,15,15,16,17,17,17,18,19,19,20,20,21,21,22,22,22,23,23,23,24,24,25,25],[1,0,2,1,3,2,4,22,3,5,20,4,6,5,...",
          "output": "1.0850775241851807",
          "predict_baseline": "{\"graph_sri\": 0.35176, \"delta_min\": 0.017588}",
          "predict_our_method": "{\"mean_node_sri\": 2.991664, \"min_node_sri\": 0.969317, \"median_node_sri\": 2.106089, \"std_node_sri\": 2.781478, \"p10_node_sri\": 0.969317, \"mean_effective_rank\": 7.8462, \"mean_local_sparsity\": 0.301775}"
        }
      ]
    },
    {
      "dataset": "ZINC-subset",
      "examples": [
        {
          "input": "{\"edge_index\":[[0,1,1,2,2,3,3,3,4,5,5,5,6,6,7,7,8,8,8,9,9,10,10,10,11,12,12,12,12,13,13,14,15,15,16,16,17,17,18,18,19,19,20,20],[1,0,2,1,3,2,4,5,3,3,6,20,5,7,6,8,7,9,19,8,10,9,11,12,10,10,13,15,18,12,...",
          "output": "1.5591003894805908",
          "predict_baseline": "{\"graph_sri\": 2.16598, \"delta_min\": 0.108299}",
          "predict_our_method": "{\"mean_node_sri\": 5.146478, \"min_node_sri\": 2.684512, \"median_node_sri\": 4.329226, \"std_node_sri\": 1.718122, \"p10_node_sri\": 2.684512, \"mean_effective_rank\": 6.4286, \"mean_local_sparsity\": 0.306122}"
        },
        {
          "input": "{\"edge_index\":[[0,1,1,1,2,3,3,3,4,4,4,5,5,5,6,6,7,7,8,8,9,9,10,10,11,11,11,12,12,13,13,13,14,15,15,16,16,17,17,17,18,18,19,19,19,20,20,20,21,21,22,22,23,23,24,24,25,25,25,26,27,27,28,28],[1,0,2,3,1,1,...",
          "output": "-0.14857760071754456",
          "predict_baseline": "{\"graph_sri\": 0.15106, \"delta_min\": 0.007553}",
          "predict_our_method": "{\"mean_node_sri\": 2.310683, \"min_node_sri\": 0.151052, \"median_node_sri\": 1.703579, \"std_node_sri\": 2.359634, \"p10_node_sri\": 0.151052, \"mean_effective_rank\": 8.4483, \"mean_local_sparsity\": 0.29132}"
        },
        {
          "input": "{\"edge_index\":[[0,1,1,1,2,2,3,3,4,4,5,5,5,6,6,6,7,8,8,9,9,10,10,10,11,11,12,12,13,13,14,14,15,15,16,16],[1,0,2,16,1,3,2,4,3,5,4,6,16,5,7,8,6,6,9,8,10,9,11,15,10,12,11,13,12,14,13,15,10,14,1,5]],\"num_n...",
          "output": "2.224334955215454",
          "predict_baseline": "{\"graph_sri\": 2.66042, \"delta_min\": 0.133021}",
          "predict_our_method": "{\"mean_node_sri\": 10.398058, \"min_node_sri\": 3.55266, \"median_node_sri\": 9.766363, \"std_node_sri\": 5.223167, \"p10_node_sri\": 5.149286, \"mean_effective_rank\": 6.0, \"mean_local_sparsity\": 0.352941}"
        }
      ]
    },
    {
      "dataset": "Peptides-func",
      "examples": [
        {
          "input": "{\"smiles\":\"CC(C)C[C@H](NC(=O)[C@H](CCCC[NH3+])NC(=O)[C@@H](N)C(C)C)C(=O)N[C@H](CCCC[NH3+])C(=O)N[C@H](C(=O)N[C@H](Cc1ccc(O)cc1)C(=O)N1CCC[C@H]1C(=O)N[C@@H](CC(C)C)C(=O)N[C@@H](CCCC[NH3+])C(=O)N[C@H](C...",
          "output": "[0, 0, 0, 0, 1, 0, 0, 0, 0, 1]",
          "predict_baseline": "{\"graph_sri\": 0.0116, \"delta_min\": 0.00058}",
          "predict_our_method": "{\"mean_node_sri\": 2.03406, \"min_node_sri\": 0.011596, \"median_node_sri\": 0.847946, \"std_node_sri\": 3.18298, \"p10_node_sri\": 0.076701, \"mean_effective_rank\": 10.0, \"mean_local_sparsity\": 0.084034}"
        },
        {
          "input": "{\"smiles\":\"CC[C@H](C)[C@H](NC(=O)CNC(=O)[C@H](Cc1c[nH]cn1)NC(=O)[C@H](C)NC(=O)[C@@H](NC(=O)[C@@H](N)CC(=O)O)C(C)C)C(=O)N[C@@H](CC(C)C)C(=O)N[C@@H](CC(N)=O)C(=O)N[C@@H](CCC(=O)O)C(=O)N[C@@H](C)C(=O)N[C...",
          "output": "[0, 1, 0, 0, 0, 0, 0, 0, 0, 0]",
          "predict_baseline": "{\"graph_sri\": 0.00038, \"delta_min\": 1.9e-05}",
          "predict_our_method": "{\"mean_node_sri\": 3.200174, \"min_node_sri\": 0.1537, \"median_node_sri\": 1.584001, \"std_node_sri\": 5.273772, \"p10_node_sri\": 0.285888, \"mean_effective_rank\": 10.0, \"mean_local_sparsity\": 0.029586}"
        },
        {
          "input": "{\"smiles\":\"CC[C@H](C)[C@H](NC(=O)[C@H](C)NC(=O)[C@H](CCCNC(N)=[NH2+])NC(=O)[C@H](CC(C)C)NC(=O)CNC(=O)[C@@H](NC(=O)[C@H](C)NC(=O)[C@@H](N)Cc1ccccc1)C(C)C)C(=O)N[C@@H](CCCC[NH3+])C(=O)N[C@@H](CCCNC(N)=[...",
          "output": "[0, 0, 1, 0, 0, 0, 0, 0, 0, 0]",
          "predict_baseline": "{\"graph_sri\": 0.04004, \"delta_min\": 0.002002}",
          "predict_our_method": "{\"mean_node_sri\": 1.916334, \"min_node_sri\": 0.040035, \"median_node_sri\": 0.918393, \"std_node_sri\": 1.856625, \"p10_node_sri\": 0.179054, \"mean_effective_rank\": 10.0, \"mean_local_sparsity\": 0.047847}"
        }
      ]
    }
  ]
}