{
  "metadata": {
    "method_name": "SRI-Performance Gap Correlation",
    "description": "Tests whether SRI (Spectral Resolution Index) predicts per-graph performance gap between RWSE and LapPE encodings",
    "phases": {
      "phase1_sri_distributions": {
        "ZINC-subset": {
          "count": 12000,
          "mean": 1.2225811033333334,
          "median": 1.01867,
          "std": 0.8964719085208691,
          "p5": 0.212937,
          "p25": 0.628605,
          "p75": 1.5986950000000002,
          "p95": 2.8603899999999993,
          "frac_below_1": 0.48983333333333334
        },
        "Peptides-func": {
          "count": 2000,
          "mean": 0.13888279,
          "median": 0.01862,
          "std": 0.4268865270963888,
          "p5": 0.0006,
          "p25": 0.004875,
          "p75": 0.07407,
          "p95": 0.663624,
          "frac_below_1": 0.9695
        },
        "Peptides-struct": {
          "count": 2000,
          "mean": 0.13888279,
          "median": 0.01862,
          "std": 0.4268865270963888,
          "p5": 0.0006,
          "p25": 0.004875,
          "p75": 0.07407,
          "p95": 0.663624,
          "frac_below_1": 0.9695
        },
        "Synthetic-aliased-pairs": {
          "count": 100,
          "mean": 29.0932638,
          "median": 6.82422,
          "std": 50.40430361145784,
          "p5": 1.6090900000000001,
          "p25": 4.46872,
          "p75": 40.0,
          "p95": 120.99999999999994,
          "frac_below_1": 0.02
        }
      },
      "phase2_model_free_quality": {
        "ZINC-subset": {
          "n_valid": 12000,
          "n_skipped": 0,
          "spearman_sri_vs_gap": {
            "rho": 0.24329844001812254,
            "p": 3.1788649506356423e-161
          },
          "spearman_deltamin_vs_gap": {
            "rho": 0.24329844001812254,
            "p": 3.1788649506356423e-161
          },
          "spearman_logvander_vs_gap": {
            "rho": 0.4024709605437825,
            "p": 0.0
          },
          "mean_quality_gap": 0.15357061461355573,
          "std_quality_gap": 0.05267789589673025
        },
        "Peptides-func": {
          "n_valid": 2000,
          "n_skipped": 0,
          "spearman_sri_vs_gap": {
            "rho": 0.7507752663341262,
            "p": 0.0
          },
          "spearman_deltamin_vs_gap": {
            "rho": 0.7507752663341262,
            "p": 0.0
          },
          "spearman_logvander_vs_gap": {
            "rho": 0.5179002627941063,
            "p": 1.1285016236071246e-137
          },
          "mean_quality_gap": -0.19505271441815505,
          "std_quality_gap": 0.10878913655648967
        },
        "Peptides-struct": {
          "n_valid": 2000,
          "n_skipped": 0,
          "spearman_sri_vs_gap": {
            "rho": 0.7507752663341262,
            "p": 0.0
          },
          "spearman_deltamin_vs_gap": {
            "rho": 0.7507752663341262,
            "p": 0.0
          },
          "spearman_logvander_vs_gap": {
            "rho": 0.5179002627941063,
            "p": 1.1285016236071246e-137
          },
          "mean_quality_gap": -0.19505271441815505,
          "std_quality_gap": 0.10878913655648967
        },
        "Synthetic-aliased-pairs": {
          "n_valid": 100,
          "n_skipped": 0,
          "spearman_sri_vs_gap": {
            "rho": 0.6676193568546526,
            "p": 3.2987119181833506e-14
          },
          "spearman_deltamin_vs_gap": {
            "rho": 0.6676193568546526,
            "p": 3.2987119181833506e-14
          },
          "spearman_logvander_vs_gap": {
            "rho": 0.4545035231257727,
            "p": 2.0331380383578784e-06
          },
          "mean_quality_gap": 0.41354671104313906,
          "std_quality_gap": 0.30996149455851435
        }
      },
      "phase3_mlp_proxy": {
        "ZINC-subset": {
          "n_train": 8400,
          "n_test": 1800,
          "mean_mae_rwse": 1.6946075774025529,
          "mean_mae_lape": 1.6560135369695368,
          "mean_gap": 0.038594040433015696
        },
        "Peptides-func": {
          "n_train": 1400,
          "n_test": 300,
          "mean_mae_rwse": 0.21682832702077245,
          "mean_mae_lape": 0.22422300665840653,
          "mean_gap": -0.0073946796376340804
        },
        "Peptides-struct": {
          "n_train": 1400,
          "n_test": 300,
          "mean_mae_rwse": 35.12301565121192,
          "mean_mae_lape": 30.915420147504022,
          "mean_gap": 4.207595503707891
        }
      },
      "phase4_correlation": {
        "ZINC-subset": {
          "n_test": 1800,
          "primary": {
            "sri_vs_gap": {
              "rho": 0.10240103614203495,
              "p": 1.3432584557833304e-05,
              "bootstrap": {
                "rho_mean": 0.10239821724175859,
                "ci_low": 0.057776766466409155,
                "ci_high": 0.1487501482116485
              }
            },
            "deltamin_vs_gap": {
              "rho": 0.10240103614203495,
              "p": 1.3432584557833304e-05,
              "bootstrap": {
                "rho_mean": 0.10239821724175859,
                "ci_low": 0.057776766466409155,
                "ci_high": 0.1487501482116485
              }
            },
            "logvander_vs_gap": {
              "rho": 0.20197825622238297,
              "p": 5.034687184937473e-18,
              "bootstrap": {
                "rho_mean": 0.2018764762374949,
                "ci_low": 0.1565240847438237,
                "ci_high": 0.24710844996371145
              }
            }
          },
          "quintiles": {
            "labels": [
              "Q1 [0.01, 0.56]",
              "Q2 [0.56, 0.87]",
              "Q3 [0.87, 1.23]"
            ],
            "mean_gap": [
              0.030322704105009368,
              0.033416459480307005,
              0.029500369934577907
            ],
            "kendall_tau": 0.6,
            "kendall_p": 0.23333333333333334
          },
          "size_controlled": [
            {
              "size_range": "[6, 21]",
              "n": 510,
              "rho": 0.01482526550035228,
              "p": 0.7383807129876908
            },
            {
              "size_range": "[21, 25]",
              "n": 591,
              "rho": -0.06005648173599434,
              "p": 0.14477769725541922
            },
            {
              "size_range": "[25, 37]",
              "n": 699,
              "rho": -0.003849870502341048,
              "p": 0.9190714609208308
            }
          ],
          "confounder": {
            "sri_vs_num_nodes": {
              "rho": -0.5058889185556242,
              "p": 1.4252521191540769e-117
            }
          }
        },
        "Peptides-func": {
          "n_test": 300,
          "primary": {
            "sri_vs_gap": {
              "rho": -0.1385084518869321,
              "p": 0.01636805973684667,
              "bootstrap": {
                "rho_mean": -0.1349354121884621,
                "ci_low": -0.24009559659020607,
                "ci_high": -0.01109467356194138
              }
            },
            "deltamin_vs_gap": {
              "rho": -0.1385084518869321,
              "p": 0.01636805973684667,
              "bootstrap": {
                "rho_mean": -0.1349354121884621,
                "ci_low": -0.24009559659020607,
                "ci_high": -0.01109467356194138
              }
            },
            "logvander_vs_gap": {
              "rho": 0.0567862496097525,
              "p": 0.3269618241387817,
              "bootstrap": {
                "rho_mean": 0.059105471198911304,
                "ci_low": -0.05477161796302928,
                "ci_high": 0.1747643622706249
              }
            }
          },
          "quintiles": {
            "labels": [
              "Q1 [0.00, 0.00]",
              "Q2 [0.00, 0.01]",
              "Q3 [0.01, 0.03]"
            ],