{
  "metadata": {
    "evaluation_name": "Deep-Dive Cross-Experiment Mechanistic Analysis of Walk Resolution Limit",
    "description": "Synthesizes results from three iteration-5 experiments into unified mechanistic narrative",
    "experiments_analyzed": [
      "exp_id1_it5__opus: Depth vs Encoding Aliasing",
      "exp_id2_it5__opus: SRWE Feature Representation Optimization",
      "exp_id3_it5__opus: SRI-Guided Adaptive Encoding Selection"
    ],
    "num_analyses": 4,
    "num_figures": 6
  },
  "metrics_agg": {
    "exp1_zinc_gap_depth2": 0.23514999999999997,
    "exp1_zinc_gap_depth8": 0.213567,
    "exp1_zinc_gap_slope": -0.03147262249612647,
    "exp1_zinc_gap_slope_pvalue": 0.22476124914097098,
    "exp1_pep_compensation_depth_Dstar": 6.17144924493215,
    "exp1_pep_gap_depth2": 1.5308029999999988,
    "exp1_pep_gap_depth8": 0.05689299999999875,
    "exp1_pep_gap_slope": -0.7886818392138504,
    "exp1_pep_gap_slope_pvalue": 0.5458318481846669,
    "exp1_zinc_sri_rho_depth2": 0.03246,
    "exp1_zinc_sri_rho_depth8": 0.092106,
    "exp1_pep_sri_rho_depth2": 0.147344,
    "exp1_pep_sri_rho_depth8": 0.108813,
    "exp2_func_rwse_ap": 0.41822085925177194,
    "exp2_func_best_srwe_ap": 0.42243176738939425,
    "exp2_func_gap_closed_pct": -9.056313640143863,
    "exp2_struct_rwse_mae": 36.373756408691406,
    "exp2_struct_best_srwe_mae": 20.510568618774414,
    "exp2_struct_gap_closed_pct": 109.71293496990073,
    "exp2_func_rwse_mi": 0.011988275531049374,
    "exp2_struct_rwse_mi": 0.3869582951503621,
    "exp2_func_best_srwe_mi": 0.010936366910042072,
    "exp2_struct_best_srwe_mi": 0.713534508743888,
    "exp3_zinc_best_fixed_mae": 0.19798621535301208,
    "exp3_zinc_best_adaptive_mae": 0.2034589648246765,
    "exp3_zinc_oracle_mae": 0.11036190762836486,
    "exp3_zinc_oracle_headroom_pct": 44.257782072560914,
    "exp3_func_best_fixed_ap": 0.43603700243146337,
    "exp3_func_best_adaptive_ap": 0.4468987834320397,
    "exp3_func_oracle_ap": 0.16800000000000004,
    "exp3_struct_best_fixed_mae": 20.431153297424316,
    "exp3_struct_best_adaptive_mae": 21.95248031616211,
    "exp3_struct_oracle_mae": 15.43234801992774,
    "exp3_struct_oracle_headroom_pct": 24.46658396972019,
    "sri_rho_consistency_zinc": 0.05190681093244496,
    "sri_rho_consistency_pepstruct": 0.30117324526462974,
    "hypothesis_support_score": 0.49247023817088986
  },
  "datasets": [
    {
      "dataset": "depth_compensation_zinc",
      "examples": [
        {
          "input": "{\"graph_idx\": 1839, \"num_nodes\": 21, \"delta_min\": 0.041193, \"sri_K20\": 0.82386, \"dataset\": \"ZINC-subset\"}",
          "output": "0.17193032801151276",
          "metadata_graph_idx": 1839,
          "metadata_sri_K20": 0.82386,
          "metadata_num_nodes": 21,
          "eval_depth2_rwse_mae": 0.321358,
          "eval_depth2_lappe_mae": 0.94036,
          "eval_depth2_gap": 0.619002,
          "eval_depth3_rwse_mae": 0.406114,
          "eval_depth3_lappe_mae": 0.324031,
          "eval_depth3_gap": -0.082083,
          "eval_depth4_rwse_mae": 0.357352,
          "eval_depth4_lappe_mae": 0.514575,
          "eval_depth4_gap": 0.157223,
          "eval_depth6_rwse_mae": 0.523172,
          "eval_depth6_lappe_mae": 0.495983,
          "eval_depth6_gap": -0.027189,
          "eval_depth8_rwse_mae": 0.242101,
          "eval_depth8_lappe_mae": 0.471316,
          "eval_depth8_gap": 0.229215
        },
        {
          "input": "{\"graph_idx\": 1840, \"num_nodes\": 25, \"delta_min\": 0.044678, \"sri_K20\": 0.89356, \"dataset\": \"ZINC-subset\"}",
          "output": "1.2421671152114868",
          "metadata_graph_idx": 1840,
          "metadata_sri_K20": 0.89356,
          "metadata_num_nodes": 25,
          "eval_depth2_rwse_mae": 0.170547,
          "eval_depth2_lappe_mae": 0.583801,
          "eval_depth2_gap": 0.413254,
          "eval_depth3_rwse_mae": 0.292092,
          "eval_depth3_lappe_mae": 0.302797,
          "eval_depth3_gap": 0.010705,
          "eval_depth4_rwse_mae": 0.155926,
          "eval_depth4_lappe_mae": 0.289449,
          "eval_depth4_gap": 0.133523,
          "eval_depth6_rwse_mae": 0.1136,
          "eval_depth6_lappe_mae": 0.274186,
          "eval_depth6_gap": 0.160586,
          "eval_depth8_rwse_mae": 0.106171,
          "eval_depth8_lappe_mae": 0.254539,
          "eval_depth8_gap": 0.148368
        },
        {
          "input": "{\"graph_idx\": 1841, \"num_nodes\": 20, \"delta_min\": 0.067611, \"sri_K20\": 1.35222, \"dataset\": \"ZINC-subset\"}",
          "output": "1.3424376249313354",
          "metadata_graph_idx": 1841,
          "metadata_sri_K20": 1.35222,
          "metadata_num_nodes": 20,
          "eval_depth2_rwse_mae": 0.850719,
          "eval_depth2_lappe_mae": 0.342529,
          "eval_depth2_gap": -0.50819,
          "eval_depth3_rwse_mae": 0.799742,
          "eval_depth3_lappe_mae": 0.644569,
          "eval_depth3_gap": -0.155173,
          "eval_depth4_rwse_mae": 0.605876,
          "eval_depth4_lappe_mae": 0.604832,
          "eval_depth4_gap": -0.001044,
          "eval_depth6_rwse_mae": 0.624709,
          "eval_depth6_lappe_mae": 0.654146,
          "eval_depth6_gap": 0.029437,
          "eval_depth8_rwse_mae": 0.710331,
          "eval_depth8_lappe_mae": 0.664021,
          "eval_depth8_gap": -0.04631
        }
      ]
    },
    {
      "dataset": "depth_compensation_peptides_struct",
      "examples": [
        {
          "input": "{\"graph_idx\": 1171, \"num_nodes\": 178, \"delta_min\": 0.000394, \"sri_K20\": 0.00788, \"dataset\": \"Peptides-struct\"}",
          "output": "[105.48181915283203, 90.16293334960938, 51.91157150268555, 120.16105651855469, 104.0772933959961, 57.0565071105957, 2.827177047729492, 1.8180259466171265, 1.5764089822769165, 0.44363799691200256, 2.52...",
          "metadata_graph_idx": 1171,
          "metadata_sri_K20": 0.00788,
          "metadata_num_nodes": 178,
          "eval_depth2_rwse_mae": 4.250981,
          "eval_depth2_lappe_mae": 8.951027,
          "eval_depth2_gap": 4.700046,
          "eval_depth3_rwse_mae": 5.198797,
          "eval_depth3_lappe_mae": 4.767484,
          "eval_depth3_gap": -0.431313,
          "eval_depth4_rwse_mae": 3.654984,
          "eval_depth4_lappe_mae": 4.166904,
          "eval_depth4_gap": 0.51192,
          "eval_depth6_rwse_mae": 5.610129,
          "eval_depth6_lappe_mae": 2.446337,
          "eval_depth6_gap": -3.163793,
          "eval_depth8_rwse_mae": 5.971218,
          "eval_depth8_lappe_mae": 5.211255,
          "eval_depth8_gap": -0.759963
        },
        {
          "input": "{\"graph_idx\": 146, \"num_nodes\": 176, \"delta_min\": 0.000324, \"sri_K20\": 0.00648, \"dataset\": \"Peptides-struct\"}",
          "output": "[93.81442260742188, 82.52513122558594, 53.29598617553711, 103.13214111328125, 85.4029312133789, 59.35581970214844, 2.4368441104888916, 2.218092918395996, 1.4773110151290894, 0.5387430191040039, 2.6922...",
          "metadata_graph_idx": 146,
          "metadata_sri_K20": 0.00648,
          "metadata_num_nodes": 176,
          "eval_depth2_rwse_mae": 6.331317,
          "eval_depth2_lappe_mae": 5.309654,
          "eval_depth2_gap": -1.021663,
          "eval_depth3_rwse_mae": 6.733737,
          "eval_depth3_lappe_mae": 8.889715,
          "eval_depth3_gap": 2.155978,
          "eval_depth4_rwse_mae": 3.527609,
          "eval_depth4_lappe_mae": 6.758364,
          "eval_depth4_gap": 3.230755,
          "eval_depth6_rwse_mae": 6.367478,
          "eval_depth6_lappe_mae": 5.791097,
          "eval_depth6_gap": -0.576381,
          "eval_depth8_rwse_mae": 5.943995,
          "eval_depth8_lappe_mae": 4.443777,
          "eval_depth8_gap": -1.500218
        },
        {
          "input": "{\"graph_idx\": 402, \"num_nodes\": 48, \"delta_min\": 0.029156, \"sri_K20\": 0.58312, \"dataset\": \"Peptides-struct\"}",