{
  "metadata": {
    "method_name": "SRI-Guided Adaptive Encoding Selection & RWSE+SRWE Concatenation",
    "description": "Compares 5 positional-encoding strategies for GPS graph transformer: FIXED-RWSE (baseline), FIXED-LapPE, FIXED-SRWE (Tikhonov spectral recovery), SRI-THRESHOLD (adaptive selection per-graph based on S...",
    "strategies": [
      "FIXED-RWSE",
      "FIXED-LapPE",
      "FIXED-SRWE"
    ],
    "hyperparameters": {
      "gps_channels": 64,
      "gps_pe_dim": 8,
      "gps_layers": 3,
      "gps_heads": 4,
      "num_epochs": 50,
      "batch_size": 128,
      "lr": 0.001,
      "seeds": [
        42,
        123
      ],
      "lappe_k": 8,
      "srwe_bins": 20,
      "srwe_reg": 0.001
    },
    "results_summary": {
      "zinc": {
        "FIXED-RWSE": {
          "mean": 0.21843455731868744,
          "std": 0.005871504545211792,
          "seeds": [
            0.21256305277347565,
            0.22430606186389923
          ]
        },
        "FIXED-LapPE": {
          "mean": 0.26657770574092865,
          "std": 0.012139484286308289,
          "seeds": [
            0.27871719002723694,
            0.25443822145462036
          ]
        },
        "FIXED-SRWE": {
          "mean": 0.19798621535301208,
          "std": 0.005861654877662659,
          "seeds": [
            0.20384787023067474,
            0.19212456047534943
          ]
        },
        "SRI-THRESHOLD": {
          "mean": 0.2317444235086441,
          "std": 0.003026053309440613,
          "seeds": [
            0.23477047681808472,
            0.2287183701992035
          ]
        },
        "CONCAT-RWSE-SRWE": {
          "mean": 0.2034589648246765,
          "std": 0.0010237246751785278,
          "seeds": [
            0.20448268949985504,
            0.20243524014949799
          ]
        },
        "ORACLE": {
          "mean": 0.11036190762836486,
          "std": 0.0,
          "seeds": [
            0.11036190762836486
          ]
        }
      },
      "peptides_func": {
        "FIXED-RWSE": {
          "mean": 0.43603700243146337,
          "std": 0.009832880812218142,
          "seeds": [
            0.44586988324368154,
            0.42620412161924526
          ]
        },
        "FIXED-LapPE": {
          "mean": 0.4174869506586215,
          "std": 0.012742543994670757,
          "seeds": [
            0.4302294946532923,
            0.4047444066639508
          ]
        },
        "FIXED-SRWE": {
          "mean": 0.42608328042910093,
          "std": 0.022373452838011374,
          "seeds": [
            0.40370982759108953,
            0.4484567332671123
          ]
        },
        "SRI-THRESHOLD": {
          "mean": 0.41607301960995713,
          "std": 0.0012520232101738138,
          "seeds": [
            0.41732504282013094,
            0.4148209963997833
          ]
        },
        "CONCAT-RWSE-SRWE": {
          "mean": 0.4468987834320397,
          "std": 0.006097913565815766,
          "seeds": [
            0.4408008698662239,
            0.45299669699785544
          ]
        },
        "ORACLE": {
          "mean": 0.16800000000000004,
          "std": 0.0,
          "seeds": [
            0.16800000000000004
          ]
        }
      },
      "peptides_struct": {
        "FIXED-RWSE": {
          "mean": 22.47314453125,
          "std": 0.5413017272949219,
          "seeds": [
            23.014446258544922,
            21.931842803955078
          ]
        },
        "FIXED-LapPE": {
          "mean": 20.431153297424316,
          "std": 0.4072999954223633,
          "seeds": [
            20.83845329284668,
            20.023853302001953
          ]
        },
        "FIXED-SRWE": {
          "mean": 22.10265827178955,
          "std": 0.1957712173461914,
          "seeds": [
            22.298429489135742,
            21.90688705444336
          ]
        },
        "SRI-THRESHOLD": {
          "mean": 22.333373069763184,
          "std": 0.3762216567993164,
          "seeds": [
            22.7095947265625,
            21.957151412963867
          ]
        },
        "CONCAT-RWSE-SRWE": {
          "mean": 21.95248031616211,
          "std": 0.2542457580566406,
          "seeds": [
            22.20672607421875,
            21.69823455810547
          ]
        },
        "ORACLE": {
          "mean": 15.43234801992774,
          "std": 0.0,
          "seeds": [
            15.43234801992774
          ]
        }
      }
    },
    "hypothesis_assessment": {
      "zinc": {
        "concat_outperforms_best_fixed": false,
        "sri_threshold_outperforms_best_fixed": false
      },
      "peptides_func": {
        "concat_outperforms_best_fixed": true,
        "sri_threshold_outperforms_best_fixed": false
      },
      "peptides_struct": {
        "concat_outperforms_best_fixed": false,
        "sri_threshold_outperforms_best_fixed": false
      }
    },
    "correlation_analysis": {
      "zinc": {
        "sri_vs_gap_rho": 0.006922189067555039,
        "sri_vs_gap_pval": 0.8269400914493046,
        "sri_median": 1.03124
      },
      "peptides_func": {
        "sri_vs_gap_rho": 0.0,
        "sri_vs_gap_pval": 1.0,
        "sri_median": 0.021339999999999998
      },
      "peptides_struct": {
        "sri_vs_gap_rho": -0.15376824526462976,
        "sri_vs_gap_pval": 0.002095630430583484,
        "sri_median": 0.021339999999999998
      }
    },
    "selector_analysis": {
      "zinc": {
        "selector_preds_sample": [
          2,
          0,
          1
        ],
        "sri_preds_sample": [
          0,
          2,
          0
        ]
      },
      "peptides_func": {
        "selector_preds_sample": [
          0,
          0,
          0
        ],
        "sri_preds_sample": [
          2,
          2,
          2
        ]
      },
      "peptides_struct": {
        "selector_preds_sample": [
          1,
          1,
          1
        ],
        "sri_preds_sample": [
          2,
          2,
          2
        ]
      }
    },
    "computational_cost": {
      "encoding_precompute_s": 26.524914026260376,
      "total_time_s": 2372.122828722,
      "training_times": {
        "zinc/FIXED-RWSE": 54.80642855167389,
        "zinc/FIXED-LapPE": 55.19673979282379,
        "zinc/FIXED-SRWE": 54.42728507518768,
        "zinc/SRI-THRESHOLD": 192.66364073753357,
        "zinc/CONCAT-RWSE-SRWE": 55.21952140331268,
        "peptides_func/FIXED-RWSE": 34.66101324558258,
        "peptides_func/FIXED-LapPE": 81.00551700592041,
        "peptides_func/FIXED-SRWE": 58.15005826950073,
        "peptides_func/SRI-THRESHOLD": 118.42205846309662,
        "peptides_func/CONCAT-RWSE-SRWE": 66.75577902793884,
        "peptides_struct/FIXED-RWSE": 50.58845818042755,
        "peptides_struct/FIXED-LapPE": 40.02417266368866,
        "peptides_struct/FIXED-SRWE": 39.951350927352905,
        "peptides_struct/SRI-THRESHOLD": 128.5869106054306,
        "peptides_struct/CONCAT-RWSE-SRWE": 36.03584849834442
      }
    },
    "hardware": {
      "device": "cuda",
      "gpu": "NVIDIA RTX A4500",
      "vram_gb": 21.016543232,
      "num_cpus": 20
    }
  },
  "datasets": [
    {
      "dataset": "ZINC-subset",
      "examples": [
        {
          "input": "{\"edge_index\":[[0,1,1,1,1,2,3,4,4,4,5,5,6,6,7,7,7,8,8,9,9,10,10,10,11,11,12,12,12,13,14,14,15,15,15,16,16,17,17,18,18,19,19,20,20,20,21,22,22,22,23,23],[1,0,2,3,4,1,1,1,5,23,4,6,5,7,6,8,22,7,9,8,10,9,...",
          "output": "3.1381945610046387",
          "predict_FIXED_RWSE": "2.990551",
          "predict_FIXED_LapPE": "2.979121",
          "predict_FIXED_SRWE": "3.112548",
          "predict_SRI_THRESHOLD": "2.785546",
          "predict_CONCAT_RWSE_SRWE": "3.091319",
          "predict_ORACLE": "3.112548",
          "metadata_sri_K20": "1.41652",
          "metadata_delta_min": "0.070826",