{
  "metadata": {
    "evaluation_name": "Grand Synthesis: Walk Resolution Limit Hypothesis Adjudication",
    "n_experiments_analyzed": 10,
    "n_iterations_covered": 5,
    "overall_verdict": "partially_confirmed",
    "overall_confidence": 0.458,
    "pooled_correlation": {
      "rho_pooled": 0.1526091790139954,
      "ci_low": 0.020404082754321737,
      "ci_high": 0.27956910397365814,
      "I2": 99.01850479736706,
      "Q": 2547.134202279897,
      "Q_pvalue": 0.0,
      "tau2": 0.11656662664368427,
      "k": 26
    },
    "subgroup_analyses": {
      "by_domain": {
        "molecular": {
          "rho_pooled": 0.08264168842152694,
          "ci_low": 0.00443306701747771,
          "ci_high": 0.1598454658993194,
          "I2": 93.44414160180867,
          "Q": 122.02826104674706,
          "Q_pvalue": 0.0,
          "tau2": 0.012747012901599216,
          "k": 9
        },
        "protein": {
          "rho_pooled": 0.17424122741251952,
          "ci_low": -0.09094996590142478,
          "ci_high": 0.4163568569567847,
          "I2": 99.37426110385599,
          "Q": 1917.7327914162718,
          "Q_pvalue": 0.0,
          "tau2": 0.23947707771821566,
          "k": 13
        },
        "synthetic": {
          "rho_pooled": 0.2734480441047618,
          "ci_low": -0.302192668713731,
          "ci_high": 0.7029479539246398,
          "I2": 96.01673229163387,
          "Q": 50.21003222553593,
          "Q_pvalue": 1.2503442725630975e-11,
          "tau2": 0.2525968553501504,
          "k": 3
        }
      },
      "by_architecture": {
        "model": {
          "rho_pooled": 0.5599630087807198,
          "ci_low": 0.20746443031349115,
          "ci_high": 0.7837574491187487,
          "I2": 99.75195574982946,
          "Q": 1612.6154898773307,
          "Q_pvalue": 0.0,
          "tau2": 0.2290270351657003,
          "k": 5
        },
        "MLP": {
          "rho_pooled": 0.020671406626577356,
          "ci_low": -0.07735841614757578,
          "ci_high": 0.11830536653520132,
          "I2": 80.95208679877443,
          "Q": 15.749756775492747,
          "Q_pvalue": 0.0012761150253842724,
          "tau2": 0.007854526489773915,
          "k": 4
        },
        "GPS": {
          "rho_pooled": -0.030157233938546132,
          "ci_low": -0.12120059722339506,
          "ci_high": 0.06138929015383099,
          "I2": 77.32632540075991,
          "Q": 26.46240676048641,
          "Q_pvalue": 0.0001825381891334965,
          "tau2": 0.010631848354801014,
          "k": 7
        },
        "GCN": {
          "rho_pooled": 0.10033765287836127,
          "ci_low": 0.07096219247505492,
          "ci_high": 0.1295392214123872,
          "I2": 23.413824100440426,
          "Q": 11.751468061028696,
          "Q_pvalue": 0.22768573565240768,
          "tau2": 0.0005324048105705681,
          "k": 10
        }
      },
      "by_metric_type": {
        "node_distinguishability": {
          "rho_pooled": 0.5599630087807198,
          "ci_low": 0.20746443031349115,
          "ci_high": 0.7837574491187487,
          "I2": 99.75195574982946,
          "Q": 1612.6154898773307,
          "Q_pvalue": 0.0,
          "tau2": 0.2290270351657003,
          "k": 5
        },
        "task_performance": {
          "rho_pooled": 0.047961592410179554,
          "ci_low": 0.010576631003264227,
          "ci_high": 0.08521266034036698,
          "I2": 72.94383048024459,
          "Q": 73.9202937998919,
          "Q_pvalue": 4.119836150007217e-08,
          "tau2": 0.0051923065425827355,
          "k": 21
        }
      }
    },
    "moderator_effects": {
      "dataset_domain": {
        "H_statistic": 0.3996803504306367,
        "p_value": 0.8188616170016754,
        "eta_squared": 0.0,
        "n_groups": 3,
        "significant": false
      },
      "architecture": {
        "H_statistic": 16.307040257963653,
        "p_value": 0.0009809042284732814,
        "eta_squared": 0.6048654662710752,
        "n_groups": 4,
        "significant": true
      },
      "metric_type": {
        "U_statistic": 104.0,
        "p_value": 0.0009046098727405155,
        "significant": true
      }
    },
    "scope_of_validity": {
      "n_conditions_works": 5,
      "n_conditions_fails": 21,
      "directional_accuracy": 0.192,
      "domains_where_works": [
        "molecular",
        "protein",
        "synthetic"
      ],
      "domains_where_fails": [
        "molecular",
        "other",
        "protein"
      ],
      "works_conditions": [
        {
          "dataset": "ZINC-subset",
          "architecture": "model_free",
          "rho": 0.24329844001812254,
          "p_value": 3.1788649506356423e-161
        },
        {
          "dataset": "Peptides-func",
          "architecture": "model_free",
          "rho": 0.7507752663341262,
          "p_value": 0.0
        },
        {
          "dataset": "Peptides-struct",
          "architecture": "model_free",
          "rho": 0.7507752663341262,
          "p_value": 0.0
        }
      ],
      "fails_conditions": [
        {
          "dataset": "ZINC-subset",
          "architecture": "MLP",
          "rho": 0.10240103614203495,
          "p_value": 1.3432584557833304e-05
        },
        {
          "dataset": "Peptides-func",
          "architecture": "MLP",
          "rho": -0.1385084518869321,
          "p_value": 0.01636805973684667
        },
        {
          "dataset": "Peptides-struct",
          "architecture": "MLP",
          "rho": 0.06722064417729784,
          "p_value": 0.2457441953603731
        }
      ]
    },
    "figure_paths": [
      "/opt/ai-inventor/aii_pipeline/runs/run__20260222_005317/3_invention_loop/iter_6/gen_art/eval_id1_it6__opus/figures/verdict_dashboard.png",
      "/opt/ai-inventor/aii_pipeline/runs/run__20260222_005317/3_invention_loop/iter_6/gen_art/eval_id1_it6__opus/figures/forest_plot.png",
      "/opt/ai-inventor/aii_pipeline/runs/run__20260222_005317/3_invention_loop/iter_6/gen_art/eval_id1_it6__opus/figures/srwe_scorecard.png"
    ],
    "criterion_verdicts": {
      "C1_sri_gap_correlation": {
        "criterion": "Spearman ρ(SRI, RWSE-LapPE gap) > 0.5",
        "verdict": "not_confirmed",
        "confidence": 0.863,
        "evidence": "Pooled ρ = 0.153, 95% CI [0.020, 0.280], I² = 99.0%"
      },
      "C2_aliased_pairs_distinguishability": {
        "criterion": "SRWE better than RWSE at distinguishing aliased graph pairs",
        "verdict": "confirmed",
        "confidence": 0.667,
        "evidence": "Mean distinguishability: 83.3% across 3 categories"
      },
      "C3_srwe_gap_reduction": {
        "criterion": "SRWE achieves ≥50% gap reduction on low-SRI graphs",
        "verdict": "partially_confirmed",
        "confidence": 0.364,
        "evidence": "Mean gap reduction: 0.264, 36% conditions above 50%"
      },
      "D1_weak_correlation": {
        "criterion": "Spearman ρ(SRI, gap) < 0.2 → theory disconfirmed",
        "verdict": "disconfirmed",
        "confidence": 0.237,
        "evidence": "Pooled ρ = 0.153"
      },
      "D2_resolution_mismatch": {
        "criterion": "SRI correlation disappears when controlling for graph size",
        "verdict": "not_confirmed",
        "confidence": 0.5,
        "evidence": "Mean within-size-bin |ρ| = 0.137"
      },
      "D3_no_srwe_improvement": {
        "criterion": "SRWE shows no systematic improvement over RWSE",
        "verdict": "partially_confirmed",
        "confidence": 0.5,
        "evidence": "SRWE vs RWSE win rate: 40.0% (10W/15L)"
      }
    },
    "overall_assessment": {
      "overall_verdict": "partially_confirmed",
      "overall_confidence": 0.458,
      "overall_score": 0.458,
      "confirmation_score": 0.224,
      "disconfirmation_penalty": 0.003
    }
  },
  "metrics_agg": {
    "rho_pooled": 0.1526091790139954,
    "rho_ci_low": 0.020404082754321737,
    "rho_ci_high": 0.27956910397365814,
    "I2_heterogeneity": 99.01850479736706,
    "Q_pvalue": 0.0,