{
  "metadata": {},
  "datasets": [
    {
      "dataset": "Synthetic-aliased-pairs",
      "examples": [
        {
          "input": "{\"edge_index\":[[0,1,0,2,0,3,0,4],[1,0,2,0,3,0,4,0]],\"num_nodes\":5,\"node_feat\":[[0],[0],[0],[0],[0]],\"spectral\":{\"eigenvalues\":[-2.0,0.0,0.0,0.0,2.0],\"delta_min\":2.0,\"sri\":{\"K=2\":4.0,\"K=4\":8.0,\"K=8\":16.0,\"K=16\":32.0,\"K=20\":40.0},\"vandermonde_cond\":{\"K=2\":2.0,\"K=4\":1000000000000000.0,\"K=8\":1000000000000000.0,\"K=16\":1000000000000000.0,\"K=20\":1000000000000000.0},\"rwse\":[[0.0,1.0,0.0,1.0,0.0,1.0,0.0,1.0,0.0,1.0,0.0,1.0,0.0,1.0,0.0,1.0,0.0,1.0,0.0,1.0],[0.0,0.25,0.0,0.25,0.0,0.25,0.0,0.25,0.0,0.25,0.0,0.25,0.0,0.25,0.0,0.25,0.0,0.25,0.0,0.25],[0.0,0.25,0.0,0.25,0.0,0.25,0.0,0.25,0.0,0.25,0.0,0.25,0.0,0.25,0.0,0.25,0.0,0.25,0.0,0.25],[0.0,0.25,0.0,0.25,0.0,0.25,0.0,0.25,0.0,0.25,0.0,0.25,0.0,0.25,0.0,0.25,0.0,0.25,0.0,0.25],[0.0,0.25,0.0,0.25,0.0,0.25,0.0,0.25,0.0,0.25,0.0,0.25,0.0,0.25,0.0,0.25,0.0,0.25,0.0,0.25]],\"local_spectral\":[[[-2.0,0.5],[2.0,0.5]],[[0.0,0.25],[0.0,0.25],[0.0,0.25],[-2.0,0.125],[2.0,0.125]],[[0.0,0.694444],[-2.0,0.125],[2.0,0.125],[0.0,0.027778],[0.0,0.027778]],[[0.0,0.694444],[-2.0,0.125],[2.0,0.125],[0.0,0.027778],[0.0,0.027778]],[[0.0,0.694444],[-2.0,0.125],[2.0,0.125],[0.0,0.027778],[0.0,0.027778]]]},\"graph_name\":\"K_1_4\",\"pair_id\":\"cospectral_1\",\"pair_category\":\"exactly_cospectral\"}",
          "output": "0",
          "predict_baseline": "{\"graph_sri\": 40.0, \"delta_min\": 2.0}",
          "predict_our_method": "{\"mean_node_sri\": 40.0, \"min_node_sri\": 0.0, \"median_node_sri\": 40.0, \"std_node_sri\": 40.0, \"p10_node_sri\": 8.0, \"mean_effective_rank\": 1.6, \"mean_local_sparsity\": 0.32}"
        },
        {
          "input": "{\"edge_index\":[[0,1,0,3,1,2,2,3],[1,0,3,0,2,1,3,2]],\"num_nodes\":5,\"node_feat\":[[0],[0],[0],[0],[0]],\"spectral\":{\"eigenvalues\":[-2.0,-0.0,0.0,0.0,2.0],\"delta_min\":2.0,\"sri\":{\"K=2\":4.0,\"K=4\":8.0,\"K=8\":16.0,\"K=16\":32.0,\"K=20\":40.0},\"vandermonde_cond\":{\"K=2\":2.0,\"K=4\":1000000000000000.0,\"K=8\":1000000000000000.0,\"K=16\":1000000000000000.0,\"K=20\":1000000000000000.0},\"rwse\":[[0.0,0.5,0.0,0.5,0.0,0.5,0.0,0.5,0.0,0.5,0.0,0.5,0.0,0.5,0.0,0.5,0.0,0.5,0.0,0.5],[0.0,0.5,0.0,0.5,0.0,0.5,0.0,0.5,0.0,0.5,0.0,0.5,0.0,0.5,0.0,0.5,0.0,0.5,0.0,0.5],[0.0,0.5,0.0,0.5,0.0,0.5,0.0,0.5,0.0,0.5,0.0,0.5,0.0,0.5,0.0,0.5,0.0,0.5,0.0,0.5],[0.0,0.5,0.0,0.5,0.0,0.5,0.0,0.5,0.0,0.5,0.0,0.5,0.0,0.5,0.0,0.5,0.0,0.5,0.0,0.5],[0.0,0.0,0.0,0.0,0.0,0.0,0.0,0.0,0.0,0.0,0.0,0.0,0.0,0.0,0.0,0.0,0.0,0.0,0.0,0.0]],\"local_spectral\":[[[-0.0,0.5],[-2.0,0.25],[2.0,0.25]],[[0.0,0.5],[-2.0,0.25],[2.0,0.25]],[[-0.0,0.5],[-2.0,0.25],[2.0,0.25]],[[0.0,0.5],[-2.0,0.25],[2.0,0.25]],[[0.0,1.0]]]},\"graph_name\":\"C4_union_K1\",\"pair_id\":\"cospectral_1\",\"pair_category\":\"exactly_cospectral\"}",
          "output": "0",
          "predict_baseline": "{\"graph_sri\": 40.0, \"delta_min\": 2.0}",
          "predict_our_method": "{\"mean_node_sri\": 40.0, \"min_node_sri\": 40.0, \"median_node_sri\": 40.0, \"std_node_sri\": 0.0, \"p10_node_sri\": 40.0, \"mean_effective_rank\": 2.6, \"mean_local_sparsity\": 0.52}"
        },
        {
          "input": "{\"edge_index\":[[0,1,1,2,2,3,2,4,3,5,3,6,6,7],[1,0,2,1,3,2,4,2,5,3,6,3,7,6]],\"num_nodes\":8,\"node_feat\":[[0],[0],[0],[0],[0],[0],[0],[0]],\"spectral\":{\"eigenvalues\":[-2.09529399,-1.35567429,-0.73764031,-0.47726,0.47726,0.73764031,1.35567429,2.09529399],\"delta_min\":0.26038,\"sri\":{\"K=2\":0.52076,\"K=4\":1.04152,\"K=8\":2.08304,\"K=16\":4.16608,\"K=20\":5.2076},\"vandermonde_cond\":{\"K=2\":1.812654,\"K=4\":19.053778,\"K=8\":12239.101042,\"K=16\":12239.101042,\"K=20\":12239.101042},\"rwse\":[[0.0,0.5,0.0,0.333333,0.0,0.259259,0.0,0.218621,0.0,0.19353,0.0,0.177139,0.0,0.166162,0.0,0.158731,0.0,0.153679,0.0,0.150238],[0.0,0.666667,0.0,0.518519,0.0,0.437243,0.0,0.38706,0.0,0.354278,0.0,0.332323,0.0,0.317463,0.0,0.307358,0.0,0.300475,0.0,0.295783],[0.0,0.611111,0.0,0.512346,0.0,0.47668,0.0,0.459172,0.0,0.448862,0.0,0.442253,0.0,0.43786,0.0,0.434895,0.0,0.432881,0.0,0.43151],[0.0,0.611111,0.0,0.512346,0.0,0.47668,0.0,0.459172,0.0,0.448862,0.0,0.442253,0.0,0.43786,0.0,0.434895,0.0,0.432881,0.0,0.43151],[0.0,0.333333,0.0,0.203704,0.0,0.170782,0.0,0.158893,0.0,0.153057,0.0,0.149621,0.0,0.147418,0.0,0.145953,0.0,0.144965,0.0,0.144294],[0.0,0.333333,0.0,0.203704,0.0,0.170782,0.0,0.158893,0.0,0.153057,0.0,0.149621,0.0,0.147418,0.0,0.145953,0.0,0.144965,0.0,0.144294],[0.0,0.666667,0.0,0.518519,0.0,0.437243,0.0,0.38706,0.0,0.354278,0.0,0.332323,0.0,0.317463,0.0,0.307358,0.0,0.300475,0.0,0.295783],[0.0,0.5,0.0,0.333333,0.0,0.259259,0.0,0.218621,0.0,0.19353,0.0,0.177139,0.0,0.166162,0.0,0.158731,0.0,0.153679,0.0,0.150238]],\"local_spectral\":[[[-0.73764031,0.234311],[0.73764031,0.234311],[1.35567429,0.127492],[-1.35567429,0.127492],[0.47726,0.112558],[-0.47726,0.112558],[-2.09529399,0.025638],[2.09529399,0.025638]],[[-1.35567429,0.234311],[1.35567429,0.234311],[-0.73764031,0.127492],[0.73764031,0.127492],[2.09529399,0.112558],[-2.09529399,0.112558],[0.47726,0.025638],[-0.47726,0.025638]],[[2.09529399,0.294682],[-2.09529399,0.294682],[-1.35567429,0.089499],[1.35567429,0.089499],[0.47726,0.067122],[-0.47726,0.067122],[-0.73764031,0.048698],[0.73764031,0.048698]],[[-2.09529399,0.294682],[2.09529399,0.294682],[1.35567429,0.089499],[-1.35567429,0.089499],[-0.47726,0.067122],[0.47726,0.067122],[0.73764031,0.048698],[-0.73764031,0.048698]],[[0.47726,0.294682],[-0.47726,0.294682],[-0.73764031,0.089499],[0.73764031,0.089499],[-2.09529399,0.067122],[2.09529399,0.067122],[-1.35567429,0.048698],[1.35567429,0.048698]],[[-0.47726,0.294682],[0.47726,0.294682],[0.73764031,0.089499],[-0.73764031,0.089499],[-2.09529399,0.067122],[2.09529399,0.067122],[1.35567429,0.048698],[-1.35567429,0.048698]],[[-1.35567429,0.234311],[1.35567429,0.234311],[0.73764031,0.127492],[-0.73764031,0.127492],[-2.09529399,0.112558],[2.09529399,0.112558],[-0.47726,0.025638],[0.47726,0.025638]],[[0.73764031,0.234311],[-0.73764031,0.234311],[-1.35567429,0.127492],[1.35567429,0.127492],[-0.47726,0.112558],[0.47726,0.112558],[2.09529399,0.025638],[-2.09529399,0.025638]]]},\"graph_name\":\"schwenk_tree_A\",\"pair_id\":\"cospectral_2\",\"pair_category\":\"exactly_cospectral\"}",
          "output": "0",
          "predict_baseline": "{\"graph_sri\": 5.2076, \"delta_min\": 0.26038}",
          "predict_our_method": "{\"mean_node_sri\": 31.90588, \"min_node_sri\": 12.36068, \"median_node_sri\": 15.72554, \"std_node_sri\": 30.093548, \"p10_node_sri\": 12.36068, \"mean_effective_rank\": 3.0, \"mean_local_sparsity\": 0.375}"
        }
      ]
    }
  ]
}