{
  "metadata": {},
  "datasets": [
    {
      "dataset": "ZINC-subset",
      "examples": [
        {
          "input": "{\"edge_index\":[[0,1,1,2,2,3,3,3,4,5,5,5,6,6,7,7,8,8,8,9,9,10,10,10,11,12,12,12,12,13,13,14,15,15,16,16,17,17,18,18,19,19,20,20],[1,0,2,1,3,2,4,5,3,3,6,20,5,7,6,8,7,9,19,8,10,9,11,12,10,10,13,15,18,12,...",
          "output": "1.5591003894805908",
          "predict_baseline": "{\"graph_sri\": 2.16598, \"delta_min\": 0.108299}",
          "predict_our_method": "{\"mean_node_sri\": 5.146478, \"min_node_sri\": 2.684512, \"median_node_sri\": 4.329226, \"std_node_sri\": 1.718122, \"p10_node_sri\": 2.684512, \"mean_effective_rank\": 6.4286, \"mean_local_sparsity\": 0.306122}"
        },
        {
          "input": "{\"edge_index\":[[0,1,1,1,2,3,3,3,4,4,4,5,5,5,6,6,7,7,8,8,9,9,10,10,11,11,11,12,12,13,13,13,14,15,15,16,16,17,17,17,18,18,19,19,19,20,20,20,21,21,22,22,23,23,24,24,25,25,25,26,27,27,28,28],[1,0,2,3,1,1,...",
          "output": "-0.14857760071754456",
          "predict_baseline": "{\"graph_sri\": 0.15106, \"delta_min\": 0.007553}",
          "predict_our_method": "{\"mean_node_sri\": 2.310683, \"min_node_sri\": 0.151052, \"median_node_sri\": 1.703579, \"std_node_sri\": 2.359634, \"p10_node_sri\": 0.151052, \"mean_effective_rank\": 8.4483, \"mean_local_sparsity\": 0.29132}"
        },
        {
          "input": "{\"edge_index\":[[0,1,1,1,2,2,3,3,4,4,5,5,5,6,6,6,7,8,8,9,9,10,10,10,11,11,12,12,13,13,14,14,15,15,16,16],[1,0,2,16,1,3,2,4,3,5,4,6,16,5,7,8,6,6,9,8,10,9,11,15,10,12,11,13,12,14,13,15,10,14,1,5]],\"num_n...",
          "output": "2.224334955215454",
          "predict_baseline": "{\"graph_sri\": 2.66042, \"delta_min\": 0.133021}",
          "predict_our_method": "{\"mean_node_sri\": 10.398058, \"min_node_sri\": 3.55266, \"median_node_sri\": 9.766363, \"std_node_sri\": 5.223167, \"p10_node_sri\": 5.149286, \"mean_effective_rank\": 6.0, \"mean_local_sparsity\": 0.352941}"
        }
      ]
    }
  ]
}