{
  "datasets": [
    {
      "dataset": "ZINC-subset",
      "examples": [
        {
          "input": "{\"edge_index\":[[0,1,1,2,2,3,3,4,4,5,5,6,6,6,7,7,8,8,8,9,9,9,10,11,11,11,12,12,13,13,13,14,14,14,15,16,16,16,17,17,17,18,18,19,19,20,20,20,21,22,22,23,23,23,24,25,25,25,26,27,27,28,28,28,29,30,30,31,31...",
          "output": "3.046437978744507",
          "predict_baseline": "{\"graph_sri\": 0.36452, \"delta_min\": 0.018226}",
          "predict_our_method": "{\"mean_node_sri\": 1.625689, \"min_node_sri\": 0.364525, \"median_node_sri\": 1.439139, \"std_node_sri\": 1.491764, \"p10_node_sri\": 0.37587, \"mean_effective_rank\": 9.2121, \"mean_local_sparsity\": 0.279155}"
        },
        {
          "input": "{\"edge_index\":[[0,1,1,2,2,3,3,4,4,4,5,6,6,6,7,8,8,8,9,10,10,11,11,11,12,12,13,13,14,14,14,15,16,16,17,17],[1,0,2,1,3,2,4,3,5,6,4,4,7,8,6,6,9,10,8,8,11,10,12,17,11,13,12,14,13,15,16,14,14,17,11,16]],\"n...",
          "output": "0.49065685272216797",
          "predict_baseline": "{\"graph_sri\": 3.32722, \"delta_min\": 0.166361}",
          "predict_our_method": "{\"mean_node_sri\": 6.450404, \"min_node_sri\": 3.327225, \"median_node_sri\": 5.396011, \"std_node_sri\": 3.34796, \"p10_node_sri\": 3.327225, \"mean_effective_rank\": 6.4444, \"mean_local_sparsity\": 0.358025}"
        },
        {
          "input": "{\"edge_index\":[[0,1,1,2,2,3,3,3,4,4,4,5,5,6,6,6,7,8,8,8,9,9,10,10,10,11,11,11,12,12,12,13,14,14,15,15,15,16,17,17,17,18,19,19,20,20,21,21,22,22,22,23,23,23,24,24,25,25],[1,0,2,1,3,2,4,22,3,5,20,4,6,5,...",
          "output": "1.0850775241851807",
          "predict_baseline": "{\"graph_sri\": 0.35176, \"delta_min\": 0.017588}",
          "predict_our_method": "{\"mean_node_sri\": 2.991664, \"min_node_sri\": 0.969317, \"median_node_sri\": 2.106089, \"std_node_sri\": 2.781478, \"p10_node_sri\": 0.969317, \"mean_effective_rank\": 7.8462, \"mean_local_sparsity\": 0.301775}"
        }
      ]
    }
  ]
}